state,correct,n,accuracy,ci_low,ci_high
MA,7,15,0.4666666666666667,0.24809535365737387,0.698830199745016
RI,7,15,0.4666666666666667,0.24809535365737387,0.698830199745016
CA,8,15,0.5333333333333333,0.30116980025498397,0.7519046463426261
NY,10,15,0.6666666666666666,0.41713547738519763,0.8482367556028527
TX,7,15,0.4666666666666667,0.24809535365737387,0.698830199745016
