question_type,correct,n,accuracy,ci_low,ci_high
agency,15,15,1.0,0.7961166989641515,1.0
response_time,12,15,0.8,0.5481455128483065,0.9295245065301844
address,5,15,0.3333333333333333,0.15176324439714725,0.5828645226148023
email,2,15,0.13333333333333333,0.03736125910306537,0.37881982832322364
phone,5,15,0.3333333333333333,0.15176324439714725,0.5828645226148023
