model,correct,n,accuracy,ci_low,ci_high,no_answer,coverage
anthropic/claude-opus-4.7,19,25,0.76,0.5657031664457093,0.8850368630659855,0,1.0
google/gemma-4-26b-a4b-it,11,25,0.44,0.2666563888106735,0.6293266813020122,0,1.0
openai/gpt-oss-120b:free,9,25,0.36,0.20247880774458224,0.5548150225183514,0,1.0
