program,correct,n,accuracy,ci_low,ci_high
SNAP,20,30,0.6666666666666666,0.4878005164454384,0.8076950191632386
Medicaid,12,15,0.8,0.5481455128483065,0.9295245065301844
WIC,2,15,0.13333333333333333,0.03736125910306537,0.37881982832322364
LIHEAP,5,15,0.3333333333333333,0.15176324439714725,0.5828645226148023
