model,is_correct,correct,n,accuracy,ci_low,ci_high
anthropic/claude-opus-4.7,True,18,19,0.9473684210526315,0.753612688331012,0.9906480059376995
anthropic/claude-opus-4.7,False,6,6,1.0,0.6096657120978346,1.0
google/gemma-4-26b-a4b-it,True,9,11,0.8181818181818182,0.523019438039156,0.9486323102539149
google/gemma-4-26b-a4b-it,False,14,14,1.0,0.7846891972623643,1.0
openai/gpt-oss-120b:free,True,9,9,1.0,0.7008549515804559,1.0
openai/gpt-oss-120b:free,False,16,16,1.0,0.8063923194655637,1.0
