confidence,correct,n,accuracy,ci_low,ci_high
low,0,1,0.0,0.0,0.7934506856227626
medium,14,41,0.34146341463414637,0.21558808257384848,0.494501634801703
high,177,330,0.5363636363636364,0.4824506421231311,0.5894397698250458
