agreement_bin,correct,n,accuracy,ci_low,ci_high,anthropic/claude-opus-4.7,google/gemma-4-26b-a4b-it,openai/gpt-oss-120b:free
0.20,20,52,0.38461538461538464,0.26470463780216213,0.5204012628418061,0.7272727272727273,0.3333333333333333,0.25
0.40,8,12,0.6666666666666666,0.39062208887279953,0.8618799089087867,0.25,1.0,0.8
0.60,3,3,1.0,0.4385029682449546,1.0,1.0,1.0,
0.80,3,3,1.0,0.4385029682449546,1.0,1.0,,
1.00,5,5,1.0,0.5655175352168251,1.0,1.0,,
